﻿<?xml version="1.0" encoding="utf-8"?><DEFECTS><DEFECT>
    <SFA>
      <FILEPATH>C:\Users\winbu\Desktop\Esame\Es3\</FILEPATH>
      <FILENAME>gruppi.c</FILENAME>
      <LINE>25</LINE>
      <COLUMN>12</COLUMN>
    </SFA>
    <DEFECTCODE>6308</DEFECTCODE>
    <DESCRIPTION>'realloc' might return null pointer: assigning null pointer to 'gruppi', which is passed as an argument to 'realloc', will cause the original memory block to be leaked.</DESCRIPTION>
    <FUNCTION>read_gruppi</FUNCTION>
    <DECORATED>read_gruppi</DECORATED>
    <FUNCLINE>5</FUNCLINE>
    <PATH></PATH>
  </DEFECT><DEFECT>
    <SFA>
      <FILEPATH>C:\Users\winbu\Desktop\Esame\Es3\</FILEPATH>
      <FILENAME>gruppi.c</FILENAME>
      <LINE>37</LINE>
      <COLUMN>10</COLUMN>
    </SFA>
    <DEFECTCODE>6308</DEFECTCODE>
    <DESCRIPTION>'realloc' might return null pointer: assigning null pointer to 'gruppi', which is passed as an argument to 'realloc', will cause the original memory block to be leaked.</DESCRIPTION>
    <FUNCTION>read_gruppi</FUNCTION>
    <DECORATED>read_gruppi</DECORATED>
    <FUNCLINE>5</FUNCLINE>
    <PATH></PATH>
  </DEFECT><DEFECT>
    <SFA>
      <FILEPATH>C:\Users\winbu\Desktop\Esame\Es3\</FILEPATH>
      <FILENAME>gruppi.c</FILENAME>
      <LINE>22</LINE>
      <COLUMN>20</COLUMN>
    </SFA>
    <DEFECTCODE>6386</DEFECTCODE>
    <DESCRIPTION>Buffer overrun while writing to 'gruppi'.</DESCRIPTION>
    <FUNCTION>read_gruppi</FUNCTION>
    <DECORATED>read_gruppi</DECORATED>
    <FUNCLINE>5</FUNCLINE>
    <PROBABILITY>1</PROBABILITY>
    <RANK>4</RANK>
    <CATEGORY>
      <RULECATEGORY>mspft</RULECATEGORY>
    </CATEGORY>
    <PATH>
      <SFA>
        <FILEPATH>C:\Users\winbu\Desktop\Esame\Es3\</FILEPATH>
        <FILENAME>gruppi.c</FILENAME>
        <LINE>6</LINE>
        <COLUMN>7</COLUMN>
      </SFA>
      <SFA>
        <FILEPATH>C:\Users\winbu\Desktop\Esame\Es3\</FILEPATH>
        <FILENAME>gruppi.c</FILENAME>
        <LINE>7</LINE>
        <COLUMN>7</COLUMN>
      </SFA>
      <SFA>
        <FILEPATH>C:\Users\winbu\Desktop\Esame\Es3\</FILEPATH>
        <FILENAME>gruppi.c</FILENAME>
        <LINE>10</LINE>
        <COLUMN>10</COLUMN>
      </SFA>
      <SFA>
        <FILEPATH>C:\Users\winbu\Desktop\Esame\Es3\</FILEPATH>
        <FILENAME>gruppi.c</FILENAME>
        <LINE>11</LINE>
        <COLUMN>6</COLUMN>
      </SFA>
      <SFA>
        <FILEPATH>C:\Users\winbu\Desktop\Esame\Es3\</FILEPATH>
        <FILENAME>gruppi.c</FILENAME>
        <LINE>12</LINE>
        <COLUMN>5</COLUMN>
      </SFA>
      <SFA>
        <FILEPATH>C:\Users\winbu\Desktop\Esame\Es3\</FILEPATH>
        <FILENAME>gruppi.c</FILENAME>
        <LINE>13</LINE>
        <COLUMN>6</COLUMN>
      </SFA>
      <SFA>
        <FILEPATH>C:\Users\winbu\Desktop\Esame\Es3\</FILEPATH>
        <FILENAME>gruppi.c</FILENAME>
        <LINE>14</LINE>
        <COLUMN>16</COLUMN>
      </SFA>
      <SFA>
        <FILEPATH>C:\Users\winbu\Desktop\Esame\Es3\</FILEPATH>
        <FILENAME>gruppi.c</FILENAME>
        <LINE>15</LINE>
        <COLUMN>26</COLUMN>
      </SFA>
      <SFA>
        <FILEPATH>C:\Users\winbu\Desktop\Esame\Es3\</FILEPATH>
        <FILENAME>gruppi.c</FILENAME>
        <LINE>18</LINE>
        <COLUMN>21</COLUMN>
      </SFA>
      <SFA>
        <FILEPATH>C:\Users\winbu\Desktop\Esame\Es3\</FILEPATH>
        <FILENAME>gruppi.c</FILENAME>
        <LINE>21</LINE>
        <COLUMN>25</COLUMN>
      </SFA>
      <SFA>
        <FILEPATH>C:\Users\winbu\Desktop\Esame\Es3\</FILEPATH>
        <FILENAME>gruppi.c</FILENAME>
        <LINE>22</LINE>
        <COLUMN>20</COLUMN>
      </SFA>
      <SFA>
        <FILEPATH>C:\Users\winbu\Desktop\Esame\Es3\</FILEPATH>
        <FILENAME>gruppi.c</FILENAME>
        <LINE>23</LINE>
        <COLUMN>18</COLUMN>
      </SFA>
      <SFA>
        <FILEPATH>C:\Users\winbu\Desktop\Esame\Es3\</FILEPATH>
        <FILENAME>gruppi.c</FILENAME>
        <LINE>24</LINE>
        <COLUMN>12</COLUMN>
      </SFA>
      <SFA>
        <FILEPATH>C:\Users\winbu\Desktop\Esame\Es3\</FILEPATH>
        <FILENAME>gruppi.c</FILENAME>
        <LINE>25</LINE>
        <COLUMN>10</COLUMN>
        <KEYEVENT>
          <ID>1</ID>
          <KIND>declaration</KIND>
          <IMPORTANCE>Essential</IMPORTANCE>
          <MESSAGE>'gruppi' is a 2 byte array</MESSAGE>
        </KEYEVENT>
      </SFA>
      <SFA>
        <FILEPATH>C:\Users\winbu\Desktop\Esame\Es3\</FILEPATH>
        <FILENAME>gruppi.c</FILENAME>
        <LINE>14</LINE>
        <COLUMN>16</COLUMN>
        <KEYEVENT>
          <ID>2</ID>
          <KIND>branch</KIND>
          <IMPORTANCE>Full</IMPORTANCE>
          <MESSAGE>Continue this loop, (assume 'feof(f)==0')</MESSAGE>
        </KEYEVENT>
      </SFA>
      <SFA>
        <FILEPATH>C:\Users\winbu\Desktop\Esame\Es3\</FILEPATH>
        <FILENAME>gruppi.c</FILENAME>
        <LINE>15</LINE>
        <COLUMN>26</COLUMN>
        <KEYEVENT>
          <ID>3</ID>
          <KIND>branch</KIND>
          <IMPORTANCE>Full</IMPORTANCE>
          <MESSAGE>Skip this branch, (assume '&lt;branch condition&gt;' is false)</MESSAGE>
        </KEYEVENT>
      </SFA>
      <SFA>
        <FILEPATH>C:\Users\winbu\Desktop\Esame\Es3\</FILEPATH>
        <FILENAME>gruppi.c</FILENAME>
        <LINE>18</LINE>
        <COLUMN>21</COLUMN>
        <KEYEVENT>
          <ID>4</ID>
          <KIND>branch</KIND>
          <IMPORTANCE>Full</IMPORTANCE>
          <MESSAGE>Skip this branch, (assume '&lt;branch condition&gt;' is false)</MESSAGE>
        </KEYEVENT>
      </SFA>
      <SFA>
        <FILEPATH>C:\Users\winbu\Desktop\Esame\Es3\</FILEPATH>
        <FILENAME>gruppi.c</FILENAME>
        <LINE>21</LINE>
        <COLUMN>25</COLUMN>
        <KEYEVENT>
          <ID>5</ID>
          <KIND>branch</KIND>
          <IMPORTANCE>Full</IMPORTANCE>
          <MESSAGE>Enter this branch, (assume '&lt;branch condition&gt;')</MESSAGE>
        </KEYEVENT>
      </SFA>
      <SFA>
        <FILEPATH>C:\Users\winbu\Desktop\Esame\Es3\</FILEPATH>
        <FILENAME>gruppi.c</FILENAME>
        <LINE>22</LINE>
        <COLUMN>20</COLUMN>
        <KEYEVENT>
          <ID>6</ID>
          <KIND>usage</KIND>
          <IMPORTANCE>Essential</IMPORTANCE>
          <MESSAGE>Invalid write to 'gruppi', (outside its writable range)</MESSAGE>
        </KEYEVENT>
      </SFA>
    </PATH>
  </DEFECT><DEFECT>
    <SFA>
      <FILEPATH>C:\Users\winbu\Desktop\Esame\Es3\</FILEPATH>
      <FILENAME>gruppi.c</FILENAME>
      <LINE>22</LINE>
      <COLUMN>20</COLUMN>
    </SFA>
    <DEFECTCODE>28182</DEFECTCODE>
    <DESCRIPTION>Dereferencing NULL pointer. 'gruppi' contains the same NULL value as 'realloc()`25' did. </DESCRIPTION>
    <FUNCTION>read_gruppi</FUNCTION>
    <DECORATED>read_gruppi</DECORATED>
    <FUNCLINE>5</FUNCLINE>
    <PROBABILITY>1</PROBABILITY>
    <RANK>3</RANK>
    <CATEGORY>
      <RULECATEGORY>mspft</RULECATEGORY>
    </CATEGORY>
    <PATH>
      <SFA>
        <FILEPATH>C:\Users\winbu\Desktop\Esame\Es3\</FILEPATH>
        <FILENAME>gruppi.c</FILENAME>
        <LINE>6</LINE>
        <COLUMN>7</COLUMN>
      </SFA>
      <SFA>
        <FILEPATH>C:\Users\winbu\Desktop\Esame\Es3\</FILEPATH>
        <FILENAME>gruppi.c</FILENAME>
        <LINE>7</LINE>
        <COLUMN>7</COLUMN>
      </SFA>
      <SFA>
        <FILEPATH>C:\Users\winbu\Desktop\Esame\Es3\</FILEPATH>
        <FILENAME>gruppi.c</FILENAME>
        <LINE>10</LINE>
        <COLUMN>10</COLUMN>
      </SFA>
      <SFA>
        <FILEPATH>C:\Users\winbu\Desktop\Esame\Es3\</FILEPATH>
        <FILENAME>gruppi.c</FILENAME>
        <LINE>11</LINE>
        <COLUMN>6</COLUMN>
      </SFA>
      <SFA>
        <FILEPATH>C:\Users\winbu\Desktop\Esame\Es3\</FILEPATH>
        <FILENAME>gruppi.c</FILENAME>
        <LINE>12</LINE>
        <COLUMN>5</COLUMN>
      </SFA>
      <SFA>
        <FILEPATH>C:\Users\winbu\Desktop\Esame\Es3\</FILEPATH>
        <FILENAME>gruppi.c</FILENAME>
        <LINE>13</LINE>
        <COLUMN>6</COLUMN>
      </SFA>
      <SFA>
        <FILEPATH>C:\Users\winbu\Desktop\Esame\Es3\</FILEPATH>
        <FILENAME>gruppi.c</FILENAME>
        <LINE>14</LINE>
        <COLUMN>16</COLUMN>
      </SFA>
      <SFA>
        <FILEPATH>C:\Users\winbu\Desktop\Esame\Es3\</FILEPATH>
        <FILENAME>gruppi.c</FILENAME>
        <LINE>15</LINE>
        <COLUMN>26</COLUMN>
      </SFA>
      <SFA>
        <FILEPATH>C:\Users\winbu\Desktop\Esame\Es3\</FILEPATH>
        <FILENAME>gruppi.c</FILENAME>
        <LINE>18</LINE>
        <COLUMN>21</COLUMN>
      </SFA>
      <SFA>
        <FILEPATH>C:\Users\winbu\Desktop\Esame\Es3\</FILEPATH>
        <FILENAME>gruppi.c</FILENAME>
        <LINE>21</LINE>
        <COLUMN>25</COLUMN>
      </SFA>
      <SFA>
        <FILEPATH>C:\Users\winbu\Desktop\Esame\Es3\</FILEPATH>
        <FILENAME>gruppi.c</FILENAME>
        <LINE>22</LINE>
        <COLUMN>20</COLUMN>
      </SFA>
      <SFA>
        <FILEPATH>C:\Users\winbu\Desktop\Esame\Es3\</FILEPATH>
        <FILENAME>gruppi.c</FILENAME>
        <LINE>23</LINE>
        <COLUMN>18</COLUMN>
      </SFA>
      <SFA>
        <FILEPATH>C:\Users\winbu\Desktop\Esame\Es3\</FILEPATH>
        <FILENAME>gruppi.c</FILENAME>
        <LINE>24</LINE>
        <COLUMN>12</COLUMN>
      </SFA>
      <SFA>
        <FILEPATH>C:\Users\winbu\Desktop\Esame\Es3\</FILEPATH>
        <FILENAME>gruppi.c</FILENAME>
        <LINE>25</LINE>
        <COLUMN>10</COLUMN>
        <KEYEVENT>
          <ID>1</ID>
          <KIND>declaration</KIND>
          <IMPORTANCE>Essential</IMPORTANCE>
          <MESSAGE>'gruppi' may be NULL</MESSAGE>
        </KEYEVENT>
      </SFA>
      <SFA>
        <FILEPATH>C:\Users\winbu\Desktop\Esame\Es3\</FILEPATH>
        <FILENAME>gruppi.c</FILENAME>
        <LINE>14</LINE>
        <COLUMN>16</COLUMN>
        <KEYEVENT>
          <ID>2</ID>
          <KIND>branch</KIND>
          <IMPORTANCE>Full</IMPORTANCE>
          <MESSAGE>Continue this loop, (assume 'feof(f)==0')</MESSAGE>
        </KEYEVENT>
      </SFA>
      <SFA>
        <FILEPATH>C:\Users\winbu\Desktop\Esame\Es3\</FILEPATH>
        <FILENAME>gruppi.c</FILENAME>
        <LINE>15</LINE>
        <COLUMN>26</COLUMN>
        <KEYEVENT>
          <ID>3</ID>
          <KIND>branch</KIND>
          <IMPORTANCE>Full</IMPORTANCE>
          <MESSAGE>Skip this branch, (assume '&lt;branch condition&gt;' is false)</MESSAGE>
        </KEYEVENT>
      </SFA>
      <SFA>
        <FILEPATH>C:\Users\winbu\Desktop\Esame\Es3\</FILEPATH>
        <FILENAME>gruppi.c</FILENAME>
        <LINE>18</LINE>
        <COLUMN>21</COLUMN>
        <KEYEVENT>
          <ID>4</ID>
          <KIND>branch</KIND>
          <IMPORTANCE>Full</IMPORTANCE>
          <MESSAGE>Skip this branch, (assume '&lt;branch condition&gt;' is false)</MESSAGE>
        </KEYEVENT>
      </SFA>
      <SFA>
        <FILEPATH>C:\Users\winbu\Desktop\Esame\Es3\</FILEPATH>
        <FILENAME>gruppi.c</FILENAME>
        <LINE>21</LINE>
        <COLUMN>25</COLUMN>
        <KEYEVENT>
          <ID>5</ID>
          <KIND>branch</KIND>
          <IMPORTANCE>Full</IMPORTANCE>
          <MESSAGE>Enter this branch, (assume '&lt;branch condition&gt;')</MESSAGE>
        </KEYEVENT>
      </SFA>
      <SFA>
        <FILEPATH>C:\Users\winbu\Desktop\Esame\Es3\</FILEPATH>
        <FILENAME>gruppi.c</FILENAME>
        <LINE>22</LINE>
        <COLUMN>20</COLUMN>
        <KEYEVENT>
          <ID>6</ID>
          <KIND>usage</KIND>
          <IMPORTANCE>Essential</IMPORTANCE>
          <MESSAGE>'gruppi' is dereferenced, but may still be NULL</MESSAGE>
        </KEYEVENT>
      </SFA>
    </PATH>
  </DEFECT></DEFECTS>